{
  "feats": [
    "thigh_tau_down",
    "thigh_down_effort",
    "tau_sum",
    "foot_force",
    "abs_thigh_dq"
  ],
  "a_D": 2.0,
  "a_R": 2.0,
  "legs": {
    "FR": {
      "mean": [
        0.8733706564101591,
        0.8206835064068677,
        11.314672794941616,
        33.23061879261771,
        3.1460674332116936
      ],
      "cov_inv": [
        [
          5.699057894996515,
          -0.5070649528407648,
          -1.5668417657803642,
          -0.4325161207213966,
          -0.3133245430456334
        ],
        [
          -0.5070649528407646,
          0.3383521423666379,
          0.03088272631669004,
          -0.006441682357284218,
          0.3449858025308492
        ],
        [
          -1.5668417657803624,
          0.03088272631669006,
          0.678550839272745,
          0.20078388965875818,
          -0.20616490892505918
        ],
        [
          -0.43251612072139645,
          -0.0064416823572841725,
          0.2007838896587582,
          0.06824701407441158,
          -0.10028014536178934
        ],
        [
          -0.3133245430456334,
          0.34498580253084915,
          -0.20616490892505926,
          -0.10028014536178936,
          1.384044613188233
        ]
      ],
      "q95_D": 3.345647994949932,
      "iqr_D": 0.7178660004821962,
      "q95_R": 1.6214092126458162,
      "iqr_R": 0.7964635975910626,
      "n_walk_windows": 1749
    },
    "FL": {
      "mean": [
        1.2886909216532285,
        1.147957795536718,
        11.121888911583355,
        17.238691207671696,
        3.2870062864566054
      ],
      "cov_inv": [
        [
          3.15562127943749,
          -0.4908570483718587,
          -0.8624162940842429,
          -0.1821184621094531,
          -0.6288780601507288
        ],
        [
          -0.49085704837185945,
          0.33681618796663004,
          0.12470884089608558,
          0.02477672288549959,
          0.296524952831917
        ],
        [
          -0.8624162940842415,
          0.12470884089608515,
          0.44326191584303837,
          0.12550531932598286,
          0.05052934010541968
        ],
        [
          -0.18211846210945198,
          0.024776722885499414,
          0.12550531932598266,
          0.052351472107312794,
          -0.05571849335403681
        ],
        [
          -0.6288780601507304,
          0.2965249528319172,
          0.05052934010542075,
          -0.05571849335403647,
          1.2262289221281077
        ]
      ],
      "q95_D": 3.5003049547946965,
      "iqr_D": 0.7730724494507193,
      "q95_R": 2.218166119768705,
      "iqr_R": 1.073762582968009,
      "n_walk_windows": 1749
    },
    "RR": {
      "mean": [
        0.5334316120025427,
        0.46024053642137924,
        12.772991361016716,
        32.21686930576482,
        2.996043902725552
      ],
      "cov_inv": [
        [
          17.888249913118877,
          -16.82623124863425,
          -0.7556432668832908,
          -0.23800925258029765,
          -1.633645083396567
        ],
        [
          -16.82623124863424,
          21.60507667697973,
          0.594069035103706,
          0.14362157074493057,
          1.5494059823698927
        ],
        [
          -0.7556432668832972,
          0.5940690351037198,
          0.25329401751231584,
          0.09085991026864684,
          -0.1270111191834022
        ],
        [
          -0.23800925258030078,
          0.14362157074493487,
          0.09085991026864693,
          0.043522291340681404,
          -0.08077077103869253
        ],
        [
          -1.633645083396563,
          1.549405982369888,
          -0.12701111918340283,
          -0.08077077103869282,
          1.3685041179422077
        ]
      ],
      "q95_D": 3.820100223799459,
      "iqr_D": 0.8133876551812427,
      "q95_R": 1.317045247278091,
      "iqr_R": 0.6060507599425011,
      "n_walk_windows": 1749
    },
    "RL": {
      "mean": [
        0.6918426086162462,
        0.5926243442658501,
        12.110480929870779,
        33.79729709910444,
        2.9040741672327903
      ],
      "cov_inv": [
        [
          15.447597379837303,
          -11.773767586644832,
          -0.6527204898715601,
          -0.22875242808802382,
          -1.0031106806239987
        ],
        [
          -11.773767586644825,
          12.038795886940749,
          0.2442752400296572,
          0.0727288699971448,
          0.5762391014754414
        ],
        [
          -0.6527204898715667,
          0.24427524002966422,
          0.23051885116700258,
          0.07982148046482938,
          -0.03227580066838741
        ],
        [
          -0.22875242808802893,
          0.07272886999715074,
          0.0798214804648294,
          0.038802679066991634,
          -0.010494773169376304
        ],
        [
          -1.0031106806239964,
          0.57623910147544,
          -0.03227580066838798,
          -0.010494773169376477,
          1.2299914496254585
        ]
      ],
      "q95_D": 3.284240592281513,
      "iqr_D": 0.6220440152655942,
      "q95_R": 1.7243257843355582,
      "iqr_R": 0.7479555836373524,
      "n_walk_windows": 1749
    }
  }
}