{
  "feats": [
    "thigh_tau_down",
    "thigh_down_effort",
    "tau_sum",
    "foot_force",
    "abs_thigh_dq"
  ],
  "a_D": 2.0,
  "a_R": 2.0,
  "legs": {
    "FR": {
      "mean": [
        0.96601093294981,
        0.7948079338159572,
        11.78672636191403,
        32.66569976710611,
        3.3205083506875575
      ],
      "cov_inv": [
        [
          5.118788037174581,
          -1.1497249662608153,
          -1.117977362122131,
          -0.315492806911924,
          -0.33101670770889563
        ],
        [
          -1.1497249662608153,
          0.9267238754629866,
          0.04023517658357406,
          -0.016110992839417665,
          0.7244854487830908
        ],
        [
          -1.117977362122131,
          0.04023517658357406,
          0.4781923408713745,
          0.1507835724294927,
          -0.28915690555650264
        ],
        [
          -0.31549280691192405,
          -0.01611099283941769,
          0.1507835724294927,
          0.05755422056809218,
          -0.15223697394140118
        ],
        [
          -0.33101670770889474,
          0.7244854487830905,
          -0.2891569055565027,
          -0.15223697394140118,
          1.8655928465805185
        ]
      ],
      "q95_D": 3.6180521914099995,
      "iqr_D": 0.6845979826446049,
      "q95_R": 2.069897733909478,
      "iqr_R": 0.8260612180231404,
      "n_walk_windows": 1565
    },
    "FL": {
      "mean": [
        1.4043638035286892,
        1.0471395994780308,
        11.357603352182807,
        17.985314202428366,
        3.467261567475836
      ],
      "cov_inv": [
        [
          4.337446188459816,
          -1.860386698454975,
          -0.8673710268685881,
          -0.1144701003477781,
          -1.2513026228145727
        ],
        [
          -1.860386698454975,
          1.818891965025676,
          0.16808731502420318,
          -0.03394164423859005,
          1.0255676364375281
        ],
        [
          -0.8673710268685871,
          0.1680873150242029,
          0.4334563339373091,
          0.11994957388487774,
          0.14357331760620717
        ],
        [
          -0.11447010034777737,
          -0.03394164423859016,
          0.11994957388487763,
          0.05308116996002385,
          -0.049783487094441685
        ],
        [
          -1.2513026228145736,
          1.0255676364375286,
          0.14357331760620734,
          -0.04978348709444164,
          1.58094253381072
        ]
      ],
      "q95_D": 3.6760348031244026,
      "iqr_D": 0.7410039135914794,
      "q95_R": 2.2045934939157177,
      "iqr_R": 1.0379720108353814,
      "n_walk_windows": 1565
    },
    "RR": {
      "mean": [
        0.58573182498387,
        0.4958515941016205,
        12.67140840900855,
        32.634072772798724,
        3.141052306991067
      ],
      "cov_inv": [
        [
          14.419720008894537,
          -13.157890641966125,
          -0.5625515207763347,
          -0.18751330892845006,
          -1.5494439974443375
        ],
        [
          -13.157890641966114,
          17.39399916595424,
          0.3878942242406163,
          0.09805066741909688,
          1.6696289331478003
        ],
        [
          -0.5625515207763387,
          0.38789422424062137,
          0.205562135376065,
          0.0736487990370061,
          -0.1306008316544454
        ],
        [
          -0.18751330892845114,
          0.09805066741909792,
          0.07364879903700611,
          0.0366438122271624,
          -0.0750629770782638
        ],
        [
          -1.5494439974443366,
          1.6696289331478005,
          -0.13060083165444564,
          -0.07506297707826388,
          1.5664226009080535
        ]
      ],
      "q95_D": 3.8491473701943697,
      "iqr_D": 0.7871144032779669,
      "q95_R": 1.3682265674270104,
      "iqr_R": 0.6088137599924341,
      "n_walk_windows": 1565
    },
    "RL": {
      "mean": [
        0.7886721209077592,
        0.6680803222702454,
        12.1747932164523,
        32.99044223056823,
        3.045844051861806
      ],
      "cov_inv": [
        [
          10.843403967257835,
          -7.940178221095457,
          -0.47531684566913657,
          -0.15937796159506154,
          -0.34352952926441616
        ],
        [
          -7.9401782210954615,
          8.528006900822554,
          0.12799251637238446,
          0.032010339550953434,
          0.6136668877356772
        ],
        [
          -0.4753168456691343,
          0.127992516372383,
          0.21173562316054162,
          0.07095358170057488,
          -0.20897037383682115
        ],
        [
          -0.1593779615950616,
          0.03201033955095343,
          0.07095358170057486,
          0.03495788903693553,
          -0.09223225851474692
        ],
        [
          -0.34352952926441777,
          0.6136668877356783,
          -0.20897037383682102,
          -0.09223225851474688,
          1.6051291973030801
        ]
      ],
      "q95_D": 3.5849094272665303,
      "iqr_D": 0.7325677554718757,
      "q95_R": 1.8920281221105097,
      "iqr_R": 0.8123054599902159,
      "n_walk_windows": 1565
    }
  }
}